,Gene,CCPhase,Ensembl Human,Ensembl Mouse,Entrez,count pubmed,Length,name,symbol,map_location,alias,other_names,chr,start,end,strand,summary,kegg,reactome,wikipathways
1,MCM5,G1S,ENSG00000100297,ENSMUSG00000005410,4174,34.0,25367.0,minichromosome maintenance complex component 5,MCM5,22q12.3,"['CDC46', 'MGORS8', 'P1-CDC46']","['CDC46 homolog', 'DNA replication licensing factor MCM5', 'MCM5 minichromosome maintenance deficient 5, cell division cycle 46', 'minichromosome maintenance deficient 5 (cell division cycle 46)']",22,35796056.0,35821423.0,1.0,"The protein encoded by this gene is structurally very similar to the CDC46 protein from S. cerevisiae, a protein involved in the initiation of DNA replication. The encoded protein is a member of the MCM family of chromatin-binding proteins and can interact with at least two other members of this family. The encoded protein is upregulated in the transition from the G0 to G1/S phase of the cell cycle and may actively participate in cell cycle regulation. [provided by RefSeq, Jul 2008].",2.0,22.0,4.0
2,PCNA,G1S,ENSG00000132646,ENSMUSG00000027342,5111,386.0,11673.0,proliferating cell nuclear antigen,PCNA,20p12.3,ATLD2,"['DNA polymerase delta auxiliary protein', 'cyclin', 'proliferating cell nuclear antigen']",20,5095599.0,5107272.0,-1.0,"The protein encoded by this gene is found in the nucleus and is a cofactor of DNA polymerase delta. The encoded protein acts as a homotrimer and helps increase the processivity of leading strand synthesis during DNA replication. In response to DNA damage, this protein is ubiquitinated and is involved in the RAD6-dependent DNA repair pathway. Two transcript variants encoding the same protein have been found for this gene. Pseudogenes of this gene have been described on chromosome 4 and on the X chromosome. [provided by RefSeq, Jul 2008].",7.0,65.0,14.0
3,TYMS,G1S,ENSG00000176890,ENSMUSG00000025747,7298,603.0,15974.0,thymidylate synthetase,TYMS,18p11.32,"['HST422', 'TMS', 'TS']","['TSase', 'thymidylate synthase']",18,657604.0,673578.0,1.0,"Thymidylate synthase catalyzes the methylation of deoxyuridylate to deoxythymidylate using, 10-methylenetetrahydrofolate (methylene-THF) as a cofactor. This function maintains the dTMP (thymidine-5-prime monophosphate) pool critical for DNA replication and repair. The enzyme has been of interest as a target for cancer chemotherapeutic agents. It is considered to be the primary site of action for 5-fluorouracil, 5-fluoro-2-prime-deoxyuridine, and some folate analogs. Expression of this gene and that of a naturally occurring antisense transcript, mitochondrial enolase superfamily member 1 (GeneID:55556), vary inversely when cell-growth progresses from late-log to plateau phase. Polymorphisms in this gene may be associated with etiology of neoplasia, including breast cancer, and response to chemotherapy. [provided by RefSeq, Aug 2017].",2.0,8.0,7.0
4,FEN1,G1S,ENSG00000168496,ENSMUSG00000024742,2237,134.0,4607.0,flap structure-specific endonuclease 1,FEN1,11q12.2,"['FEN-1', 'MF1', 'RAD2']","['DNase IV', 'flap endonuclease 1', 'maturation factor-1']",11,61560109.0,61564716.0,1.0,"The protein encoded by this gene removes 5' overhanging flaps in DNA repair and processes the 5' ends of Okazaki fragments in lagging strand DNA synthesis. Direct physical interaction between this protein and AP endonuclease 1 during long-patch base excision repair provides coordinated loading of the proteins onto the substrate, thus passing the substrate from one enzyme to another. The protein is a member of the XPG/RAD2 endonuclease family and is one of ten proteins essential for cell-free DNA replication. DNA secondary structure can inhibit flap processing at certain trinucleotide repeats in a length-dependent manner by concealing the 5' end of the flap that is necessary for both binding and cleavage by the protein encoded by this gene. Therefore, secondary structure can deter the protective function of this protein, leading to site-specific trinucleotide expansions. [provided by RefSeq, Jul 2008].",3.0,29.0,2.0
5,MCM2,G1S,ENSG00000073111,ENSMUSG00000002870,4171,117.0,24210.0,minichromosome maintenance complex component 2,MCM2,3q21.3,"['BM28', 'CCNL1', 'CDCL1', 'D3S3194', 'DFNA70', 'MITOTIN', 'cdc19']","['DNA replication licensing factor MCM2', 'cell devision cycle-like 1', 'cyclin-like 1', 'minichromosome maintenance deficient 2 (mitotin)', 'minichromosome maintenance protein 2 homolog', 'nuclear protein BM28']",3,127317066.0,127341276.0,1.0,"The protein encoded by this gene is one of the highly conserved mini-chromosome maintenance proteins (MCM) that are involved in the initiation of eukaryotic genome replication. The hexameric protein complex formed by MCM proteins is a key component of the pre-replication complex (pre_RC) and may be involved in the formation of replication forks and in the recruitment of other DNA replication related proteins. This protein forms a complex with MCM4, 6, and 7, and has been shown to regulate the helicase activity of the complex. This protein is phosphorylated, and thus regulated by, protein kinases CDC2 and CDC7. Multiple alternatively spliced transcript variants have been found, but the full-length nature of some variants has not been defined. [provided by RefSeq, Oct 2012].",2.0,22.0,4.0
6,MCM4,G1S,ENSG00000104738,ENSMUSG00000022673,4173,33.0,17975.0,minichromosome maintenance complex component 4,MCM4,8q11.21,"['CDC21', 'CDC54', 'IMD54', 'NKCD', 'NKGCD', 'P1-CDC21', 'hCdc21']","['DNA replication licensing factor MCM4', 'homolog of S. pombe cell devision cycle 21', 'minichromosome maintenance deficient 4']",8,48872745.0,48890720.0,1.0,"The protein encoded by this gene is one of the highly conserved mini-chromosome maintenance proteins (MCM) that are essential for the initiation of eukaryotic genome replication. The hexameric protein complex formed by MCM proteins is a key component of the pre-replication complex (pre_RC) and may be involved in the formation of replication forks and in the recruitment of other DNA replication related proteins. The MCM complex consisting of this protein and MCM2, 6 and 7 proteins possesses DNA helicase activity, and may act as a DNA unwinding enzyme. The phosphorylation of this protein by CDC2 kinase reduces the DNA helicase activity and chromatin binding of the MCM complex. This gene is mapped to a region on the chromosome 8 head-to-head next to the PRKDC/DNA-PK, a DNA-activated protein kinase involved in the repair of DNA double-strand breaks. Alternatively spliced transcript variants encoding the same protein have been reported. [provided by RefSeq, Jul 2008].",2.0,22.0,6.0
7,RRM1,G1S,ENSG00000167325,ENSMUSG00000030978,6240,112.0,44169.0,ribonucleotide reductase catalytic subunit M1,RRM1,11p15.4,"['R1', 'RIR1', 'RR1']","['ribonucleoside-diphosphate reductase large subunit', 'ribonucleoside-diphosphate reductase subunit M1', 'ribonucleotide reductase M1 polypeptide', 'ribonucleotide reductase, R1 subunit']",11,4115937.0,4160106.0,1.0,"This gene encodes the large and catalytic subunit of ribonucleotide reductase, an enzyme essential for the conversion of ribonucleotides into deoxyribonucleotides. A pool of available deoxyribonucleotides is important for DNA replication during S phase of the cell cycle as well as multiple DNA repair processes. Alternative splicing results in multiple transcript variants. [provided by RefSeq, Dec 2015].",4.0,3.0,4.0
8,UNG,G1S,ENSG00000076248,ENSMUSG00000029591,7374,88.0,13418.0,uracil DNA glycosylase,UNG,12q24.11,"['DGU', 'HIGM4', 'HIGM5', 'UDG', 'UNG1', 'UNG15', 'UNG2']","['uracil-DNA glycosylase', 'uracil-DNA glycosylase 1, uracil-DNA glycosylase 2']",12,109535379.0,109548797.0,1.0,"This gene encodes one of several uracil-DNA glycosylases. One important function of uracil-DNA glycosylases is to prevent mutagenesis by eliminating uracil from DNA molecules by cleaving the N-glycosylic bond and initiating the base-excision repair (BER) pathway. Uracil bases occur from cytosine deamination or misincorporation of dUMP residues. Alternative promoter usage and splicing of this gene leads to two different isoforms: the mitochondrial UNG1 and the nuclear UNG2. The UNG2 term was used as a previous symbol for the CCNO gene (GeneID 10309), which has been confused with this gene, in the literature and some databases. [provided by RefSeq, Nov 2010].",2.0,8.0,2.0
9,GINS2,G1S,ENSG00000131153,ENSMUSG00000031821,51659,16.0,13875.0,GINS complex subunit 2,GINS2,16q24.1,"['HSPC037', 'PSF2', 'Pfs2']","['DNA replication complex GINS protein PSF2', 'GINS complex subunit 2 (Psf2 homolog)']",16,85709804.0,85723679.0,-1.0,"The yeast heterotetrameric GINS complex is made up of Sld5 (GINS4; MIM 610611), Psf1 (GINS1; MIM 610608), Psf2, and Psf3 (GINS3; MIM 610610). The formation of this complex is essential for the initiation of DNA replication in yeast and Xenopus egg extracts (Ueno et al., 2005 [PubMed 16287864]). See GINS1 for additional information about the GINS complex.[supplied by OMIM, Mar 2008].",,14.0,
10,MCM6,G1S,ENSG00000076003,ENSMUSG00000026355,4175,32.0,36800.0,minichromosome maintenance complex component 6,MCM6,2q21.3,"['MCG40308', 'Mis5', 'P105MCM']","['DNA replication licensing factor MCM6', 'MCM6 minichromosome maintenance deficient 6 (MIS5 homolog, S. pombe)', 'minichromosome maintenance deficient (mis5, S. pombe) 6']",2,136597196.0,136633996.0,-1.0,"The protein encoded by this gene is one of the highly conserved mini-chromosome maintenance proteins (MCM) that are essential for the initiation of eukaryotic genome replication. The hexameric protein complex formed by the MCM proteins is a key component of the pre-replication complex (pre_RC) and may be involved in the formation of replication forks and in the recruitment of other DNA replication related proteins. The MCM complex consisting of this protein and MCM2, 4 and 7 proteins possesses DNA helicase activity, and may act as a DNA unwinding enzyme. The phosphorylation of the complex by CDC2 kinase reduces the helicase activity, suggesting a role in the regulation of DNA replication. Single nucleotide polymorphisms in the intron regions of this gene are associated with differential transcriptional activation of the promoter of the neighboring lactase gene and, thereby, influence lactose intolerance in early adulthood. [provided by RefSeq, May 2012].",2.0,22.0,5.0
11,CDCA7,G1S,ENSG00000144354,ENSMUSG00000055612,83879,17.0,14177.0,cell division cycle associated 7,CDCA7,2q31.1,"['ICF3', 'JPO1']","['c-Myc target JPO1', 'cell division cycle-associated protein 7']",2,174219548.0,174233725.0,1.0,"This gene was identified as a c-Myc responsive gene, and behaves as a direct c-Myc target gene. Overexpression of this gene is found to enhance the transformation of lymphoblastoid cells, and it complements a transformation-defective Myc Box II mutant, suggesting its involvement in c-Myc-mediated cell transformation. Two alternatively spliced transcript variants encoding distinct isoforms have been reported. [provided by RefSeq, Jul 2008].",,,
12,DTL,G1S,ENSG00000143476,ENSMUSG00000037474,51514,43.0,71823.0,denticleless E3 ubiquitin protein ligase homolog,DTL,1q32.3,"['CDT2', 'DCAF2', 'L2DTL', 'RAMP']","['DDB1- and CUL4-associated factor 2', 'RA-regulated nuclear matrix-associated protein', 'denticleless protein homolog', 'lethal(2) denticleless protein homolog', 'retinoic acid-regulated nuclear matrix-associated protein']",1,212208919.0,212280742.0,1.0,,,6.0,
13,PRIM1,G1S,ENSG00000198056,ENSMUSG00000025395,5557,9.0,20777.0,DNA primase subunit 1,PRIM1,12q13.3,p49,"['DNA primase 1', 'DNA primase 49 kDa subunit', 'DNA primase small subunit', 'DNA primase subunit 48', 'primase (DNA) subunit 1', 'primase p49 subunit', 'primase polypeptide 1, 49kDa', 'primase, DNA, polypeptide 1 (49kDa)']",12,57125380.0,57146157.0,-1.0,"The replication of DNA in eukaryotic cells is carried out by a complex chromosomal replication apparatus, in which DNA polymerase alpha and primase are two key enzymatic components. Primase, which is a heterodimer of a small subunit and a large subunit, synthesizes small RNA primers for the Okazaki fragments made during discontinuous DNA replication. The protein encoded by this gene is the small, 49 kDa primase subunit. [provided by RefSeq, Jul 2008].",2.0,27.0,4.0
14,UHRF1,G1S,ENSG00000276043,ENSMUSG00000001228,29128,164.0,,ubiquitin like with PHD and ring finger domains 1,UHRF1,19p13.3,"['ICBP90', 'Np95', 'RNF106', 'TDRD22', 'hNP95', 'hUHRF1', 'huNp95']","['E3 ubiquitin-protein ligase UHRF1', 'RING finger protein 106', 'RING-type E3 ubiquitin transferase UHRF1', 'inverted CCAAT box-binding protein of 90 kDa', 'nuclear phosphoprotein 95', 'nuclear protein 95', 'nuclear zinc finger protein Np95', 'transcription factor ICBP90', 'ubiquitin-like PHD and RING finger domain-containing protein 1']",,,,,"This gene encodes a member of a subfamily of RING-finger type E3 ubiquitin ligases. The protein binds to specific DNA sequences, and recruits a histone deacetylase to regulate gene expression. Its expression peaks at late G1 phase and continues during G2 and M phases of the cell cycle. It plays a major role in the G1/S transition by regulating topoisomerase IIalpha and retinoblastoma gene expression, and functions in the p53-dependent DNA damage checkpoint. It is regarded as a hub protein for the integration of epigenetic information. This gene is up-regulated in various cancers, and it is therefore considered to be a therapeutic target. Multiple transcript variants encoding different isoforms have been found for this gene. A related pseudogene exists on chromosome 12. [provided by RefSeq, Feb 2014].",,3.0,2.0
15,MLF1IP,G1S,ENSG00000151725,ENSMUSG00000031629,79682,17.0,39515.0,centromere protein U,CENPU,4q35.1,"['CENP50', 'CENPU50', 'KLIP1', 'MLF1IP', 'PBIP1']","['KSHV latent nuclear antigen interacting protein 1', 'MLF1 interacting protein', 'centromere protein U', 'centromere protein of 50 kDa', 'interphase centromere complex protein 24', 'polo-box-interacting protein 1']",4,185615772.0,185655287.0,-1.0,"The centromere is a specialized chromatin domain, present throughout the cell cycle, that acts as a platform on which the transient assembly of the kinetochore occurs during mitosis. All active centromeres are characterized by the presence of long arrays of nucleosomes in which CENPA (MIM 117139) replaces histone H3 (see MIM 601128). MLF1IP, or CENPU, is an additional factor required for centromere assembly (Foltz et al., 2006 [PubMed 16622419]).[supplied by OMIM, Mar 2008].",,21.0,
16,HELLS,G1S,ENSG00000119969,ENSMUSG00000025001,3070,27.0,68115.0,"helicase, lymphoid specific",HELLS,10q23.33,"['ICF4', 'LSH', 'Nbla10143', 'PASG', 'SMARCA6']","['SWI/SNF2-related, matrix-associated, actin-dependent regulator of chromatin, subfamily A, member 6', 'lymphoid-specific helicase', 'proliferation-associated SNF2-like protein']",10,96305547.0,96373662.0,1.0,"This gene encodes a lymphoid-specific helicase. Other helicases function in processes involving DNA strand separation, including replication, repair, recombination, and transcription. This protein is thought to be involved with cellular proliferation and may play a role in leukemogenesis. Alternatively spliced transcript variants encoding different isoforms have been identified. [provided by RefSeq, Jan 2014].",,,2.0
17,RFC2,G1S,ENSG00000049541,ENSMUSG00000023104,5982,9.0,,replication factor C subunit 2,RFC2,7q11.23,RFC40,"['A1 40 kDa subunit', 'RF-C 40 kDa subunit', 'activator 1 subunit 2', 'replication factor C (activator 1) 2, 40kDa', 'replication factor C subunit 2']",,,,,"This gene encodes a member of the activator 1 small subunits family. The elongation of primed DNA templates by DNA polymerase delta and epsilon requires the action of the accessory proteins, proliferating cell nuclear antigen (PCNA) and replication factor C (RFC). Replication factor C, also called activator 1, is a protein complex consisting of five distinct subunits. This gene encodes the 40 kD subunit, which has been shown to be responsible for binding ATP and may help promote cell survival. Disruption of this gene is associated with Williams syndrome. Alternatively spliced transcript variants encoding distinct isoforms have been described. A pseudogene of this gene has been defined on chromosome 2. [provided by RefSeq, Jul 2013].",3.0,52.0,4.0
18,RPA2,G1S,ENSG00000117748,ENSMUSG00000028884,6118,38.0,23222.0,replication protein A2,RPA2,1p35.3,"['REPA2', 'RP-A p32', 'RP-A p34', 'RPA32']","['RF-A protein 2', 'replication factor A protein 2', 'replication protein A 32 kDa subunit', 'replication protein A 34 kDa subunit']",1,28218035.0,28241257.0,-1.0,"This gene encodes a subunit of the heterotrimeric Replication Protein A (RPA) complex, which binds to single-stranded DNA (ssDNA), forming a nucleoprotein complex that plays an important role in DNA metabolism, being involved in DNA replication, repair, recombination, telomere maintenance, and co-ordinating the cellular response to DNA damage through activation of the ataxia telangiectasia and Rad3-related protein (ATR) kinase. The RPA complex protects single-stranded DNA from nucleases, prevents formation of secondary structures that would interfere with repair, and co-ordinates the recruitment and departure of different genome maintenance factors. The heterotrimeric complex has two different modes of ssDNA binding, a low-affinity and high-affinity mode, determined by which oligonucleotide/oligosaccharide-binding (OB) domains of the complex are utilized, and differing in the length of DNA bound. This subunit contains a single OB domain that participates in high-affinity DNA binding and also contains a winged helix domain at its carboxy terminus, which interacts with many genome maintenance protein. Post-translational modifications of the RPA complex also plays a role in co-ordinating different damage response pathways. [provided by RefSeq, Sep 2017].",5.0,74.0,8.0
19,NASP,G1S,ENSG00000132780,ENSMUSG00000028693,4678,17.0,35048.0,nuclear autoantigenic sperm protein,NASP,1p34.1,"['FLB7527', 'HMDRA1', 'PRO1999']","['NASP histone chaperone', 'histone H1-binding protein', 'nuclear autoantigenic sperm protein', 'nuclear autoantigenic sperm protein (histone-binding)']",1,46049518.0,46084566.0,1.0,"This gene encodes a H1 histone binding protein that is involved in transporting histones into the nucleus of dividing cells. Multiple isoforms are encoded by transcript variants of this gene. The somatic form is expressed in all mitotic cells, is localized to the nucleus, and is coupled to the cell cycle. The testicular form is expressed in embryonic tissues, tumor cells, and the testis. In male germ cells, this protein is localized to the cytoplasm of primary spermatocytes, the nucleus of spermatids, and the periacrosomal region of mature spermatozoa. [provided by RefSeq, Jul 2008].",,,
20,RAD51AP1,G1S,ENSG00000111247,ENSMUSG00000030346,10635,17.0,21264.0,RAD51 associated protein 1,RAD51AP1,12p13.32,PIR51,"['RAD51-associated protein 1', 'RAD51-interacting protein', 'hsRAD51AP1']",12,4647950.0,4669214.0,1.0,,,15.0,
21,GMNN,G1S,ENSG00000112312,ENSMUSG00000006715,51053,64.0,11168.0,geminin DNA replication inhibitor,GMNN,6p22.3,"['Gem', 'MGORS6']",geminin,6,24775159.0,24786327.0,1.0,"This gene encodes a protein that plays a critical role in cell cycle regulation. The encoded protein inhibits DNA replication by binding to DNA replication factor Cdt1, preventing the incorporation of minichromosome maintenance proteins into the pre-replication complex. The encoded protein is expressed during the S and G2 phases of the cell cycle and is degraded by the anaphase-promoting complex during the metaphase-anaphase transition. Increased expression of this gene may play a role in several malignancies including colon, rectal and breast cancer. Alternatively spliced transcript variants have been observed for this gene, and two pseudogenes of this gene are located on the short arm of chromosome 16. [provided by RefSeq, Oct 2011].",,9.0,2.0
22,WDR76,G1S,ENSG00000092470,ENSMUSG00000027242,79968,7.0,41456.0,WD repeat domain 76,WDR76,15q15.3,CDW14,WD repeat-containing protein 76,15,44119161.0,44160617.0,1.0,,,,
23,SLBP,G1S,ENSG00000163950,ENSMUSG00000004642,7884,31.0,19755.0,stem-loop binding protein,SLBP,4p16.3,HBP,"['hairpin binding protein, histone', 'histone RNA hairpin-binding protein', 'histone binding protein', 'histone stem-loop binding protein', 'stem-loop (histone) binding protein']",4,1694527.0,1714282.0,-1.0,"This gene encodes a protein that binds to the stem-loop structure in replication-dependent histone mRNAs. Histone mRNAs do not contain introns or polyadenylation signals, and are processed by endonucleolytic cleavage. The stem-loop structure is essential for efficient processing but this structure also controls the transport, translation and stability of histone mRNAs. Expression of the protein is regulated during the cell cycle, increasing more than 10-fold during the latter part of G1. [provided by RefSeq, Jul 2008].",,10.0,
24,CCNE2,G1S,ENSG00000175305,ENSMUSG00000028212,9134,34.0,16908.0,cyclin E2,CCNE2,8q22.1,CYCE2,G1/S-specific cyclin-E2,8,95891998.0,95908906.0,-1.0,"The protein encoded by this gene belongs to the highly conserved cyclin family, whose members are characterized by a dramatic periodicity in protein abundance through the cell cycle. Cyclins function as regulators of CDK kinases. Different cyclins exhibit distinct expression and degradation patterns which contribute to the temporal coordination of each mitotic event. This cyclin forms a complex with and functions as a regulatory subunit of CDK2. This cyclin has been shown to specifically interact with CIP/KIP family of CDK inhibitors, and plays a role in cell cycle G1/S transition. The expression of this gene peaks at the G1-S phase and exhibits a pattern of tissue specificity distinct from that of cyclin E1. A significantly increased expression level of this gene was observed in tumor-derived cells. [provided by RefSeq, Jul 2008].",17.0,39.0,9.0
25,UBR7,G1S,ENSG00000012963,ENSMUSG00000041712,55148,3.0,22160.0,ubiquitin protein ligase E3 component n-recognin 7,UBR7,14q32.12,"['C14orf130', 'LICAS']","['N-recognin-7', 'RING-type E3 ubiquitin transferase UBR7', 'putative E3 ubiquitin-protein ligase UBR7', 'ubiquitin protein ligase E3 component n-recognin 7 (putative)']",14,93673401.0,93695561.0,1.0,"This gene encodes a UBR box-containing protein that belongs to the E3 ubiquitin ligase family. The protein also contains a plant homeodomain (PHD) in the C-terminus. In mammals, the encoded protein recognizes N-degrons, the destabilizing N-terminal residues of short-lived proteins, which results in ubiquitinylation, and proteolysis via the proteasome. [provided by RefSeq, Jul 2016].",,,
26,POLD3,G1S,ENSG00000077514,ENSMUSG00000030726,10714,20.0,175266.0,"DNA polymerase delta 3, accessory subunit",POLD3,11q13.4,"['P66', 'P68', 'PPP1R128']","['DNA polymerase delta subunit 3', 'DNA polymerase delta subunit C', 'DNA polymerase delta subunit p66', 'DNA polymerase delta subunit p68', 'Pol delta C subunit (p66)', 'polymerase (DNA) delta 3, accessory subunit', 'polymerase (DNA-directed), delta 3, accessory subunit', 'protein phosphatase 1, regulatory subunit 128']",11,74204896.0,74380162.0,1.0,"This gene encodes the 66-kDa subunit of DNA polymerase delta. DNA polymerase delta possesses both polymerase and 3' to 5' exonuclease activity and plays a critical role in DNA replication and repair. The encoded protein plays a role in regulating the activity of DNA polymerase delta through interactions with other subunits and the processivity cofactor proliferating cell nuclear antigen (PCNA). Alternatively spliced transcript variants have been observed for this gene. [provided by RefSeq, Mar 2012].",5.0,41.0,8.0
27,MSH2,G1S,ENSG00000095002,ENSMUSG00000024151,4436,641.0,159342.0,mutS homolog 2,MSH2,2p21-p16.3,"['COCA1', 'FCC1', 'HNPCC', 'HNPCC1', 'LCFS2', 'MMRCS2', 'hMSH2']","['DNA mismatch repair protein Msh2', 'DNA mismatch repair protein Msh2 transcript', 'mutS homolog 2, colon cancer, nonpolyposis type 1']",2,47630108.0,47789450.0,1.0,"This locus is frequently mutated in hereditary nonpolyposis colon cancer (HNPCC). When cloned, it was discovered to be a human homolog of the E. coli mismatch repair gene mutS, consistent with the characteristic alterations in microsatellite sequences (RER+ phenotype) found in HNPCC. Two transcript variants encoding different isoforms have been found for this gene. [provided by RefSeq, Apr 2012].",3.0,18.0,6.0
28,ATAD2,G1S,ENSG00000156802,ENSMUSG00000022360,29028,46.0,96500.0,ATPase family AAA domain containing 2,ATAD2,8q24.13,"['ANCCA', 'CT137', 'PRO2000']","['AAA nuclear coregulator cancer-associated protein', 'ATPase family AAA domain-containing protein 2']",8,124332090.0,124428590.0,-1.0,"A large family of ATPases has been described, whose key feature is that they share a conserved region of about 220 amino acids that contains an ATP-binding site. The proteins that belong to this family either contain one or two AAA (ATPases Associated with diverse cellular Activities) domains. AAA family proteins often perform chaperone-like functions that assist in the assembly, operation, or disassembly of protein complexes. The protein encoded by this gene contains two AAA domains, as well as a bromodomain. [provided by RefSeq, Jul 2008].",,5.0,2.0
29,RAD51,G1S,ENSG00000051180,ENSMUSG00000027323,5888,530.0,37382.0,RAD51 recombinase,RAD51,15q15.1,"['BRCC5', 'FANCR', 'HRAD51', 'HsRad51', 'HsT16930', 'MRMV2', 'RAD51A', 'RECA']","['BRCA1/BRCA2-containing complex, subunit 5', 'DNA repair protein RAD51 homolog 1', 'RAD51 homolog A', 'RecA, E. coli, homolog of', 'RecA-like protein', 'recombination protein A']",15,40986972.0,41024354.0,1.0,"The protein encoded by this gene is a member of the RAD51 protein family. RAD51 family members are highly similar to bacterial RecA and Saccharomyces cerevisiae Rad51, and are known to be involved in the homologous recombination and repair of DNA. This protein can interact with the ssDNA-binding protein RPA and RAD52, and it is thought to play roles in homologous pairing and strand transfer of DNA. This protein is also found to interact with BRCA1 and BRCA2, which may be important for the cellular response to DNA damage. BRCA2 is shown to regulate both the intracellular localization and DNA-binding ability of this protein. Loss of these controls following BRCA2 inactivation may be a key event leading to genomic instability and tumorigenesis. Multiple transcript variants encoding different isoforms have been found for this gene. [provided by RefSeq, Aug 2009].",4.0,25.0,8.0
30,RRM2,G1S,ENSG00000171848,ENSMUSG00000020649,6241,104.0,9090.0,ribonucleotide reductase regulatory subunit M2,RRM2,2p25.1,"['C2orf48', 'R2', 'RR2', 'RR2M']","['ribonucleoside-diphosphate reductase subunit M2', 'ribonucleotide reductase M2 polypeptide', 'ribonucleotide reductase small chain', 'ribonucleotide reductase small subunit', 'uncharacterized protein C2orf48']",2,10262455.0,10271545.0,1.0,"This gene encodes one of two non-identical subunits for ribonucleotide reductase. This reductase catalyzes the formation of deoxyribonucleotides from ribonucleotides. Synthesis of the encoded protein (M2) is regulated in a cell-cycle dependent fashion. Transcription from this gene can initiate from alternative promoters, which results in two isoforms that differ in the lengths of their N-termini. Related pseudogenes have been identified on chromosomes 1 and X. [provided by RefSeq, Sep 2009].",5.0,12.0,5.0
31,CDC45,G1S,ENSG00000093009,ENSMUSG00000000028,8318,36.0,41153.0,cell division cycle 45,CDC45,22q11.21,"['CDC45L', 'CDC45L2', 'MGORS7', 'PORC-PI-1']","['CDC45 cell division cycle 45 homolog', 'CDC45 cell division cycle 45-like', 'CDC45-related protein', 'cell division control protein 45 homolog', 'cell division cycle 45 homolog', 'cell division cycle 45-like 2', 'human CDC45']",22,19466982.0,19508135.0,1.0,"The protein encoded by this gene was identified by its strong similarity with Saccharomyces cerevisiae Cdc45, an essential protein required to the initiation of DNA replication. Cdc45 is a member of the highly conserved multiprotein complex including Cdc6/Cdc18, the minichromosome maintenance proteins (MCMs) and DNA polymerase, which is important for early steps of DNA replication in eukaryotes. This protein has been shown to interact with MCM7 and DNA polymerase alpha. Studies of the similar gene in Xenopus suggested that this protein play a pivotal role in the loading of DNA polymerase alpha onto chromatin. Alternate splicing results in multiple transcript variants. [provided by RefSeq, Jul 2013].",2.0,18.0,5.0
32,CDC6,G1S,ENSG00000094804,ENSMUSG00000017499,990,90.0,15286.0,cell division cycle 6,CDC6,17q21.2,"['CDC18L', 'HsCDC18', 'HsCDC6', 'MGORS5']","['CDC6 cell division cycle 6 homolog', 'CDC6-related protein', 'cdc18-related protein', 'cell division control protein 6 homolog', 'cell division cycle 6 homolog', 'p62(cdc6)']",17,38443885.0,38459171.0,1.0,"The protein encoded by this gene is highly similar to Saccharomyces cerevisiae Cdc6, a protein essential for the initiation of DNA replication. This protein functions as a regulator at the early steps of DNA replication. It localizes in cell nucleus during cell cyle G1, but translocates to the cytoplasm at the start of S phase. The subcellular translocation of this protein during cell cyle is regulated through its phosphorylation by Cdks. Transcription of this protein was reported to be regulated in response to mitogenic signals through transcriptional control mechanism involving E2F proteins. [provided by RefSeq, Jul 2008].",2.0,21.0,2.0
33,EXO1,G1S,ENSG00000174371,ENSMUSG00000039748,9156,99.0,47181.0,exonuclease 1,EXO1,1q43,"['HEX1', 'hExoI']","['exonuclease 1', 'rad2 nuclease family member, homolog of S. cerevisiae exonuclease 1']",1,242011269.0,242058450.0,1.0,"This gene encodes a protein with 5' to 3' exonuclease activity as well as an RNase H activity. It is similar to the Saccharomyces cerevisiae protein Exo1 which interacts with Msh2 and which is involved in mismatch repair and recombination. Alternative splicing of this gene results in three transcript variants encoding two different isoforms. [provided by RefSeq, Jul 2008].",2.0,33.0,2.0
34,TIPIN,G1S,ENSG00000075131,ENSMUSG00000032397,54962,12.0,50540.0,TIMELESS interacting protein,TIPIN,15q22.31,,"['CSM3 homolog', 'TIMELESS-interacting protein']",15,66628544.0,66679084.0,-1.0,"The protein encoded by this gene is part of the replisome complex, a group of proteins that support DNA replication. It binds TIM, which is involved in circadian rhythm regulation, and aids in protecting cells against DNA damage and stress. Two pseudogenes and two transcript variants encoding different isoforms have been found for this gene. [provided by RefSeq, Jul 2014].",,5.0,
35,DSCC1,G1S,ENSG00000136982,ENSMUSG00000022422,79075,4.0,22034.0,DNA replication and sister chromatid cohesion 1,DSCC1,8q24.12,DCC1,"['defective in sister chromatid cohesion 1 homolog', 'defective in sister chromatid cohesion protein 1 homolog', 'sister chromatid cohesion protein DCC1']",8,120846216.0,120868250.0,-1.0,"CHTF18 (MIM 613201), CHTF8 (MIM 613202), and DSCC1 are components of an alternative replication factor C (RFC) (see MIM 600404) complex that loads PCNA (MIM 176740) onto DNA during S phase of the cell cycle (Merkle et al., 2003 [PubMed 12766176]; Bermudez et al., 2003 [PubMed 12930902]).[supplied by OMIM, Dec 2009].",,6.0,2.0
36,BLM,G1S,ENSG00000197299,ENSMUSG00000030528,641,205.0,98301.0,BLM RecQ like helicase,BLM,15q26.1,"['BS', 'MGRISCE1', 'RECQ2', 'RECQL2', 'RECQL3']","['Bloom syndrome RecQ like helicase', 'Bloom syndrome protein', 'Bloom syndrome, RecQ helicase-like', 'DNA helicase, RecQ-like type 2', 'recQ protein-like 3']",15,91260558.0,91358859.0,1.0,"The Bloom syndrome is an autosomal recessive disorder characterized by growth deficiency, microcephaly and immunodeficiency among others. It is caused by homozygous or compound heterozygous mutation in the gene encoding DNA helicase RecQ protein on chromosome 15q26. This Bloom-associated helicase unwinds a variety of DNA substrates including Holliday junction, and is involved in several pathways contributing to the maintenance of genome stability. Identification of pathogenic Bloom variants is required for heterozygote testing in at-risk families. [provided by RefSeq, May 2020].",2.0,42.0,
37,CASP8AP2,G1S,ENSG00000118412,ENSMUSG00000028282,9994,40.0,,caspase 8 associated protein 2,CASP8AP2,6q15,"['CED-4', 'FLASH', 'RIP25']","['CASP8-associated protein 2', 'FLASH homolog RIP25', 'FLICE associated huge', 'FLICE-associated huge protein', 'human FLASH']",,,,,"This protein is highly similar to FLASH, a mouse apoptotic protein identified by its interaction with the death-effector domain (DED) of caspase 8. Studies of FLASH protein suggested that this protein may be a component of the death-inducing signaling complex that includes Fas receptor, Fas-binding adapter FADD, and caspase 8, and plays a regulatory role in Fas-mediated apoptosis. Alternative splicing results in multiple transcript variants encoding the same protein.[provided by RefSeq, Nov 2008].",,5.0,
38,USP1,G1S,ENSG00000162607,ENSMUSG00000028560,7398,36.0,15507.0,ubiquitin specific peptidase 1,USP1,1p31.3,UBP,"['Ubiquitinyl hydrolase 1, Ubiquitin carboxyl-terminal hydrolase 1, ubiquitin thiolesterase 1', 'deubiquitinating enzyme 1', 'hUBP', 'ubiquitin carboxyl-terminal hydrolase 1', 'ubiquitin specific processing protease 1', 'ubiquitin specific protease 1', 'ubiquitin thioesterase 1', 'ubiquitin thiolesterase 1']",1,62901968.0,62917475.0,1.0,"This gene encodes a member of the ubiquitin-specific processing (UBP) family of proteases that is a deubiquitinating enzyme (DUB) with His and Cys domains. This protein is located in the cytoplasm and cleaves the ubiquitin moiety from ubiquitin-fused precursors and ubiquitinylated proteins. The protein specifically deubiquitinates a protein in the Fanconi anemia (FA) DNA repair pathway. Alternate transcriptional splice variants have been characterized. [provided by RefSeq, Jul 2008].",2.0,4.0,2.0
39,CLSPN,G1S,ENSG00000092853,ENSMUSG00000042489,63967,51.0,49749.0,claspin,CLSPN,1p34.3,,"['claspin', 'claspin homolog']",1,36185819.0,36235568.0,-1.0,"The product of this gene is an essential upstream regulator of checkpoint kinase 1 and triggers a checkpoint arrest of the cell cycle in response to replicative stress or DNA damage. The protein is also required for efficient DNA replication during a normal S phase. Multiple transcript variants encoding different isoforms have been found for this gene. [provided by RefSeq, Jun 2010].",,17.0,
40,POLA1,G1S,ENSG00000101868,ENSMUSG00000006678,5422,26.0,303067.0,"DNA polymerase alpha 1, catalytic subunit",POLA1,Xp22.11-p21.3,"['NSX', 'POLA', 'VEODS', 'p180']","['DNA polymerase alpha catalytic subunit', 'DNA polymerase alpha catalytic subunit p180', 'polymerase (DNA directed), alpha 1, catalytic subunit', 'polymerase (DNA) alpha 1, catalytic subunit', 'polymerase (DNA-directed), alpha (70kD)']",X,24712036.0,25015103.0,1.0,"This gene encodes the catalytic subunit of DNA polymerase, which together with a regulatory and two primase subunits, forms the DNA polymerase alpha complex. The catalytic subunit plays an essential role in the initiation of DNA replication. [provided by RefSeq, Mar 2010].",2.0,28.0,4.0
41,CHAF1B,G1S,ENSG00000159259,ENSMUSG00000022945,8208,13.0,33637.0,chromatin assembly factor 1 subunit B,CHAF1B,21q22.12-q22.13,"['CAF-1', 'CAF-IP60', 'CAF1', 'CAF1A', 'CAF1P60', 'MPHOSPH7', 'MPP7']","['CAF-1 subunit B', 'CAF-I 60 kDa subunit', 'CAF-I p60', 'M-phase phosphoprotein 7', 'chromatin assembly factor 1 subunit B', 'chromatin assembly factor I p60 subunit', 'human chromatin assembly factor-I p60 subunit']",21,37757676.0,37791313.0,1.0,"Chromatin assembly factor I (CAF-I) is required for the assembly of histone octamers onto newly-replicated DNA. CAF-I is composed of three protein subunits, p50, p60, and p150. The protein encoded by this gene corresponds to the p60 subunit and is required for chromatin assembly after replication. The encoded protein is differentially phosphorylated in a cell cycle-dependent manner. In addition, it is normally found in the nucleus except during mitosis, when it is released into the cytoplasm. This protein is a member of the WD-repeat HIR1 family and may also be involved in DNA repair. [provided by RefSeq, Jul 2008].",,,
42,BRIP1,G1S,ENSG00000136492,ENSMUSG00000034329,83990,132.0,182255.0,BRCA1 interacting helicase 1,BRIP1,17q23.2,"['BACH1', 'FANCJ', 'OF']","['ATP-dependent RNA helicase BRIP1', 'BRCA1 interacting protein C-terminal helicase 1', 'BRCA1-associated C-terminal helicase 1', 'BRCA1-binding helicase-like protein BACH1', 'BRCA1/BRCA2-associated helicase 1', 'FANCJ helicase', 'Fanconi anemia group J protein']",17,59758627.0,59940882.0,-1.0,"The protein encoded by this gene is a member of the RecQ DEAH helicase family and interacts with the BRCT repeats of breast cancer, type 1 (BRCA1). The bound complex is important in the normal double-strand break repair function of breast cancer, type 1 (BRCA1). This gene may be a target of germline cancer-inducing mutations. [provided by RefSeq, Jul 2008].",2.0,30.0,2.0
43,E2F8,G1S,ENSG00000129173,ENSMUSG00000046179,79733,22.0,17557.0,E2F transcription factor 8,E2F8,11p15.1,E2F-8,"['E2F family member 8', 'transcription factor E2F8']",11,19245610.0,19263167.0,-1.0,"This gene encodes a member of a family of transcription factors which regulate the expression of genes required for progression through the cell cycle. The encoded protein regulates progression from G1 to S phase by ensuring the nucleus divides at the proper time. Multiple alternatively spliced variants, encoding the same protein, have been identified. [provided by RefSeq, Jan 2012].",,6.0,2.0
44,HMGB2,G2M,ENSG00000164104,ENSMUSG00000054717,3148,44.0,3430.0,high mobility group box 2,HMGB2,4q34.1,HMG2,"['HMG-2', 'high mobility group protein 2', 'high mobility group protein B2', 'high-mobility group (nonhistone chromosomal) protein 2']",4,174252846.0,174256276.0,-1.0,"This gene encodes a member of the non-histone chromosomal high mobility group protein family. The proteins of this family are chromatin-associated and ubiquitously distributed in the nucleus of higher eukaryotic cells. In vitro studies have demonstrated that this protein is able to efficiently bend DNA and form DNA circles. These studies suggest a role in facilitating cooperative interactions between cis-acting proteins by promoting DNA flexibility. This protein was also reported to be involved in the final ligation step in DNA end-joining processes of DNA double-strand breaks repair and V(D)J recombination. [provided by RefSeq, Jul 2008].",,4.0,2.0
45,CDK1,G2M,ENSG00000170312,ENSMUSG00000019942,983,414.0,16521.0,cyclin dependent kinase 1,CDK1,10q21.2,"['CDC2', 'CDC28A', 'P34CDC2']","['cell cycle controller CDC2', 'cell division control protein 2 homolog', 'cell division cycle 2, G1 to S and G2 to M', 'cell division protein kinase 1', 'cyclin-dependent kinase 1', 'p34 protein kinase']",10,62538089.0,62554610.0,1.0,"The protein encoded by this gene is a member of the Ser/Thr protein kinase family. This protein is a catalytic subunit of the highly conserved protein kinase complex known as M-phase promoting factor (MPF), which is essential for G1/S and G2/M phase transitions of eukaryotic cell cycle. Mitotic cyclins stably associate with this protein and function as regulatory subunits. The kinase activity of this protein is controlled by cyclin accumulation and destruction through the cell cycle. The phosphorylation and dephosphorylation of this protein also play important regulatory roles in cell cycle control. Alternatively spliced transcript variants encoding different isoforms have been found for this gene. [provided by RefSeq, Mar 2009].",8.0,83.0,12.0
46,NUSAP1,G2M,ENSG00000137804,ENSMUSG00000027306,51203,26.0,48356.0,nucleolar and spindle associated protein 1,NUSAP1,15q15.1,"['ANKT', 'BM037', 'LNP', 'NUSAP', 'PRO0310p1', 'Q0310', 'SAPL']","['nucleolar and spindle-associated protein 1', 'nucleolar protein ANKT']",15,41624892.0,41673248.0,1.0,"NUSAP1 is a nucleolar-spindle-associated protein that plays a role in spindle microtubule organization (Raemaekers et al., 2003 [PubMed 12963707]).[supplied by OMIM, Jun 2009].",,,
47,UBE2C,G2M,ENSG00000175063,ENSMUSG00000001403,11065,79.0,4381.0,ubiquitin conjugating enzyme E2 C,UBE2C,20q13.12,"['UBCH10', 'dJ447F3.2']","['(E3-independent) E2 ubiquitin-conjugating enzyme C', 'E2 ubiquitin-conjugating enzyme C', 'cyclin-selective ubiquitin carrier protein', 'mitotic-specific ubiquitin-conjugating enzyme', 'ubiquitin conjugating enzyme E2C', 'ubiquitin-conjugating enzyme E2 C', 'ubiquitin-protein ligase C']",20,44441215.0,44445596.0,1.0,"The modification of proteins with ubiquitin is an important cellular mechanism for targeting abnormal or short-lived proteins for degradation. Ubiquitination involves at least three classes of enzymes: ubiquitin-activating enzymes, ubiquitin-conjugating enzymes, and ubiquitin-protein ligases. This gene encodes a member of the E2 ubiquitin-conjugating enzyme family. The encoded protein is required for the destruction of mitotic cyclins and for cell cycle progression, and may be involved in cancer progression. Multiple transcript variants encoding different isoforms have been found for this gene. Pseudogenes of this gene have been defined on chromosomes 4, 14, 15, 18, and 19. [provided by RefSeq, Aug 2013].",2.0,49.0,2.0
48,BIRC5,G2M,ENSG00000089685,ENSMUSG00000017716,332,1193.0,11450.0,baculoviral IAP repeat containing 5,BIRC5,17q25.3,"['API4', 'EPR-1']","['apoptosis inhibitor 4', 'apoptosis inhibitor survivin', 'baculoviral IAP repeat-containing protein 5', 'survivin variant 3 alpha']",17,76210267.0,76221717.0,1.0,"This gene is a member of the inhibitor of apoptosis (IAP) gene family, which encode negative regulatory proteins that prevent apoptotic cell death. IAP family members usually contain multiple baculovirus IAP repeat (BIR) domains, but this gene encodes proteins with only a single BIR domain. The encoded proteins also lack a C-terminus RING finger domain. Gene expression is high during fetal development and in most tumors, yet low in adult tissues. Alternatively spliced transcript variants encoding distinct isoforms have been found for this gene. [provided by RefSeq, Jun 2011].",6.0,34.0,14.0
49,TPX2,G2M,ENSG00000088325,ENSMUSG00000027469,22974,91.0,62534.0,TPX2 microtubule nucleation factor,TPX2,20q11.21,"['C20orf1', 'C20orf2', 'DIL-2', 'DIL2', 'FLS353', 'GD:C20orf1', 'HCA519', 'HCTP4', 'REPP86', 'p100']","['TPX2, microtubule-associated protein homolog', 'TPX2, microtubule-associated, homolog', 'differentially expressed in cancerous and non-cancerous lung cells 2', 'differentially expressed in lung cells', 'hepatocellular carcinoma-associated antigen 519', 'hepatocellular carcinoma-associated antigen 90', 'preferentially expressed in colorectal cancer', 'protein fls353', 'restricted expression proliferation associated protein 100', 'targeting protein for Xklp2']",20,30327074.0,30389608.0,1.0,,,11.0,2.0
50,TOP2A,G2M,ENSG00000131747,ENSMUSG00000020914,7153,358.0,29434.0,DNA topoisomerase II alpha,TOP2A,17q21.2,"['TOP2', 'TOP2alpha', 'TOPIIA', 'TP2A']","['DNA gyrase', 'DNA topoisomerase (ATP-hydrolyzing)', 'DNA topoisomerase 2-alpha', 'DNA topoisomerase II, 170 kD', 'DNA topoisomerase II, alpha isozyme', 'topoisomerase (DNA) II alpha 170kDa']",17,38544768.0,38574202.0,-1.0,"This gene encodes a DNA topoisomerase, an enzyme that controls and alters the topologic states of DNA during transcription. This nuclear enzyme is involved in processes such as chromosome condensation, chromatid separation, and the relief of torsional stress that occurs during DNA transcription and replication. It catalyzes the transient breaking and rejoining of two strands of duplex DNA which allows the strands to pass through one another, thus altering the topology of DNA. Two forms of this enzyme exist as likely products of a gene duplication event. The gene encoding this form, alpha, is localized to chromosome 17 and the beta gene is localized to chromosome 3. The gene encoding this enzyme functions as the target for several anticancer agents and a variety of mutations in this gene have been associated with the development of drug resistance. Reduced activity of this enzyme may also play a role in ataxia-telangiectasia. [provided by RefSeq, Jul 2010].",,15.0,3.0
51,NDC80,G2M,ENSG00000080986,ENSMUSG00000024056,10403,66.0,45124.0,NDC80 kinetochore complex component,NDC80,18p11.32,"['HEC', 'HEC1', 'HsHec1', 'KNTC2', 'TID3', 'hsNDC80']","['NDC80 homolog, kinetochore complex component', 'NDC80 kinetochore complex component homolog', 'highly expressed in cancer protein', 'highly expressed in cancer, rich in leucine heptad repeats', 'kinetochore associated 2', 'kinetochore protein Hec1', 'kinetochore protein NDC80 homolog', 'kinetochore-associated protein 2', 'retinoblastoma-associated protein HEC']",18,2571510.0,2616634.0,1.0,"This gene encodes a component of the NDC80 kinetochore complex. The encoded protein consists of an N-terminal microtubule binding domain and a C-terminal coiled-coiled domain that interacts with other components of the complex. This protein functions to organize and stabilize microtubule-kinetochore interactions and is required for proper chromosome segregation. [provided by RefSeq, Oct 2011].",,18.0,
52,CKS2,G2M,ENSG00000123975,ENSMUSG00000062248,1164,23.0,5505.0,CDC28 protein kinase regulatory subunit 2,CKS2,9q22.2,CKSHS2,"['CDC28 protein kinase 2', 'CKS-2', 'CKS1(S. cerevisiae Cdc28/Cdc2 kinase subunit) homolog-2', 'cyclin-dependent kinases regulatory subunit 2']",9,91926113.0,91931618.0,1.0,"CKS2 protein binds to the catalytic subunit of the cyclin dependent kinases and is essential for their biological function. The CKS2 mRNA is found to be expressed in different patterns through the cell cycle in HeLa cells, which reflects specialized role for the encoded protein. [provided by RefSeq, Jul 2008].",2.0,,2.0
53,NUF2,G2M,ENSG00000143228,ENSMUSG00000026683,83540,26.0,89188.0,NUF2 component of NDC80 kinetochore complex,NUF2,1q23.3,"['CDCA1', 'CT106', 'NUF2R']","['NDC80 kinetochore complex component NUF2', 'NUF2, NDC80 kinetochore complex component, homolog', 'cancer/testis antigen 106', 'cell division cycle associated 1', 'cell division cycle-associated protein 1', 'hNuf2', 'hNuf2R', 'hsNuf2', 'kinetochore protein Nuf2']",1,163236366.0,163325554.0,1.0,"This gene encodes a protein that is highly similar to yeast Nuf2, a component of a conserved protein complex associated with the centromere. Yeast Nuf2 disappears from the centromere during meiotic prophase when centromeres lose their connection to the spindle pole body, and plays a regulatory role in chromosome segregation. The encoded protein is found to be associated with centromeres of mitotic HeLa cells, which suggests that this protein is a functional homolog of yeast Nuf2. Alternatively spliced transcript variants that encode the same protein have been described. [provided by RefSeq, Jul 2008].",,18.0,
54,CKS1B,G2M,ENSG00000173207,ENSMUSG00000028044,1163,49.0,,CDC28 protein kinase regulatory subunit 1B,CKS1B,1q21.3,"['CKS1', 'PNAS-16', 'PNAS-18', 'ckshs1']","['CDC2-associated protein CKS1', 'CDC28 protein kinase 1B', 'NB4 apoptosis/differentiation related protein', 'cell division control protein CKS1', 'cyclin-dependent kinases regulatory subunit 1']",,,,,"CKS1B protein binds to the catalytic subunit of the cyclin dependent kinases and is essential for their biological function. The CKS1B mRNA is found to be expressed in different patterns through the cell cycle in HeLa cells, which reflects a specialized role for the encoded protein. At least two transcript variants have been identified for this gene, and it appears that only one of them encodes a protein. [provided by RefSeq, Sep 2008].",2.0,10.0,2.0
55,MKI67,G2M,ENSG00000148773,ENSMUSG00000031004,4288,739.0,29726.0,marker of proliferation Ki-67,MKI67,10q26.2,"['KIA', 'MIB-', 'MIB-1', 'PPP1R105']","['Molecular Immunology Borstel antibody 1', 'antigen Ki67', 'antigen identified by monoclonal antibody Ki-67', 'proliferation marker protein Ki-67', 'proliferation-related Ki-67 antigen', 'protein phosphatase 1, regulatory subunit 105']",10,129894923.0,129924649.0,-1.0,"This gene encodes a nuclear protein that is associated with and may be necessary for cellular proliferation. Alternatively spliced transcript variants have been described. A related pseudogene exists on chromosome X. [provided by RefSeq, Mar 2009].",,,2.0
56,TMPO,G2M,ENSG00000120802,ENSMUSG00000019961,7112,24.0,34867.0,thymopoietin,TMPO,12q23.1,"['CMD1T', 'LAP2', 'LEMD4', 'PRO0868', 'TP']","['LEM domain containing 4', 'lamina-associated polypeptide 2', 'thymopoietin']",12,98909290.0,98944157.0,1.0,"Through alternative splicing, this gene encodes several distinct LEM domain containing protein isoforms. LEM domain proteins include inner nuclear membrane and intranuclear proteins, and are involved in a variety of cellular functions including gene expression, chromatin organization, and replication and cell cycle control. The encoded alpha isoform is broadly diffuse in the nucleus and contains a lamin binding domain, while the beta and gamma isoforms are localized to the nuclear membrane and contain an HDAC3 interaction domain. The distinct isoforms may compete with each other when acting to chaperone other proteins and regulate transcription. [provided by RefSeq, Aug 2019].",,24.0,2.0
57,CENPF,G2M,ENSG00000117724,ENSMUSG00000026605,1063,50.0,61393.0,centromere protein F,CENPF,1q41,"['CENF', 'CILD31', 'PRO1779', 'STROMS', 'hcp-1']","['AH antigen', 'CENP-F kinetochore protein', 'cell-cycle-dependent 350K nuclear protein', 'centromere protein F', 'centromere protein F, 350/400kDa', 'kinetochore protein CENPF', 'mitosin']",1,214776538.0,214837931.0,1.0,"This gene encodes a protein that associates with the centromere-kinetochore complex. The protein is a component of the nuclear matrix during the G2 phase of interphase. In late G2 the protein associates with the kinetochore and maintains this association through early anaphase. It localizes to the spindle midzone and the intracellular bridge in late anaphase and telophase, respectively, and is thought to be subsequently degraded. The localization of this protein suggests that it may play a role in chromosome segregation during mitotis. It is thought to form either a homodimer or heterodimer. Autoantibodies against this protein have been found in patients with cancer or graft versus host disease. [provided by RefSeq, Jul 2008].",,21.0,2.0
58,TACC3,G2M,ENSG00000013810,ENSMUSG00000037313,10460,67.0,23671.0,transforming acidic coiled-coil containing protein 3,TACC3,4p16.3,"['ERIC-1', 'ERIC1', 'Tacc4', 'maskin']",transforming acidic coiled-coil-containing protein 3,4,1723227.0,1746898.0,1.0,"This gene encodes a member of the transforming acidic colied-coil protein family. The encoded protein is a motor spindle protein that may play a role in stabilization of the mitotic spindle. This protein may also play a role in growth a differentiation of certain cancer cells. [provided by RefSeq, Nov 2011].",2.0,6.0,
59,FAM64A,G2M,ENSG00000129195,ENSMUSG00000020808,54478,7.0,7054.0,PICALM interacting mitotic regulator,PIMREG,17p13.2,"['CATS', 'FAM64A', 'RCS1']","['CALM interacting protein expressed in thymus and spleen', 'CALM-interactor expressed in thymus and spleen', 'family with sequence similarity 64 member A', 'protein FAM64A', 'protein PIMREG', 'regulator of chromosome segregation 1', 'regulator of chromosome segregation protein 1']",17,6347735.0,6354789.0,1.0,,,,
60,SMC4,G2M,ENSG00000113810,ENSMUSG00000034349,10051,10.0,35688.0,structural maintenance of chromosomes 4,SMC4,3q25.33,"['CAP-C', 'CAPC', 'SMC-4', 'SMC4L1']","['SMC protein 4', 'SMC4 structural maintenance of chromosomes 4-like 1', 'chromosome-associated polypeptide C', 'structural maintenance of chromosomes protein 4']",3,160117062.0,160152750.0,1.0,"This gene belongs to the 'structural maintenance of chromosomes' (SMC) gene family. Members of this gene family play a role in two changes in chromosome structure during mitotic segregation of chromosomes- chromosome condensation and sister chromatid cohesion. The protein encoded by this gene is likely a subunit of the 13S condensin complex, which is involved in chromosome condensation. A pseudogene related to this gene is located on chromosome 2. [provided by RefSeq, Jun 2016].",,12.0,2.0
61,CCNB2,G2M,ENSG00000157456,ENSMUSG00000032218,9133,25.0,19967.0,cyclin B2,CCNB2,15q22.2,HsT17299,G2/mitotic-specific cyclin-B2,15,59397277.0,59417244.0,1.0,"Cyclin B2 is a member of the cyclin family, specifically the B-type cyclins. The B-type cyclins, B1 and B2, associate with p34cdc2 and are essential components of the cell cycle regulatory machinery. B1 and B2 differ in their subcellular localization. Cyclin B1 co-localizes with microtubules, whereas cyclin B2 is primarily associated with the Golgi region. Cyclin B2 also binds to transforming growth factor beta RII and thus cyclin B2/cdc2 may play a key role in transforming growth factor beta-mediated cell cycle control. [provided by RefSeq, Jul 2008].",8.0,29.0,6.0
62,CKAP2L,G2M,ENSG00000169607,ENSMUSG00000048327,150468,6.0,28324.0,cytoskeleton associated protein 2 like,CKAP2L,2q14.1,,"['cytoskeleton-associated protein 2-like', 'radial fiber and mitotic spindle protein', 'radmis']",2,113493930.0,113522254.0,-1.0,"The protein encoded by this gene is thought to be a mitotic spindle protein important to neural stem or progenitor cells. Mutations in this gene have been associated with spindle organization defects, including mitotic spindle defects, lagging chromosomes, and chromatin bridges. There is evidence that mutations in this gene are associated with Filippi syndrome, characterized by growth defects, microcephaly, intellectual disability, facial feature defects, and syndactyly. There is a pseudogene of this gene on chromosome 20. Alternative splicing results in multiple transcript variants. [provided by RefSeq, Jan 2015].",,,
63,CKAP2,G2M,ENSG00000136108,ENSMUSG00000037725,26586,16.0,21199.0,cytoskeleton associated protein 2,CKAP2,13q14.3,"['LB1', 'TMAP', 'se20-10']","['CTCL tumor antigen se20-10', 'cytoskeleton-associated protein 2', 'tumor- and microtubule-associated protein', 'tumor-associated microtubule-associated protein']",13,53029564.0,53050763.0,1.0,"This gene encodes a cytoskeleton-associated protein that stabalizes microtubules and plays a role in the regulation of cell division. The encoded protein is itself regulated through phosphorylation at multiple serine and threonine residues. There is a pseudogene of this gene on chromosome 14. Alternative splicing results in multiple transcript variations. [provided by RefSeq, Nov 2013].",,,
64,AURKB,G2M,ENSG00000178999,ENSMUSG00000020897,9212,335.0,5862.0,aurora kinase B,AURKB,17p13.1,"['AIK2', 'AIM-1', 'AIM1', 'ARK-2', 'ARK2', 'AurB', 'IPL1', 'PPP1R48', 'STK-1', 'STK12', 'STK5', 'aurkb-sv1', 'aurkb-sv2']","['aurora kinase B', 'aurora kinase B-Sv1', 'aurora kinase B-Sv2', 'aurora- and Ipl1-like midbody-associated protein 1', 'aurora-1', 'aurora-B', 'aurora-related kinase 2', 'aurora/IPL1-related kinase 2', 'protein phosphatase 1, regulatory subunit 48', 'serine/threonine kinase 12', 'serine/threonine-protein kinase 12', 'serine/threonine-protein kinase 5', 'serine/threonine-protein kinase aurora-B']",17,8108056.0,8113918.0,-1.0,"This gene encodes a member of the aurora kinase subfamily of serine/threonine kinases. The genes encoding the other two members of this subfamily are located on chromosomes 19 and 20. These kinases participate in the regulation of alignment and segregation of chromosomes during mitosis and meiosis through association with microtubules. A pseudogene of this gene is located on chromosome 8. Alternatively spliced transcript variants have been found for this gene. [provided by RefSeq, Sep 2015].",,37.0,2.0
65,BUB1,G2M,ENSG00000169679,ENSMUSG00000027379,699,88.0,40416.0,BUB1 mitotic checkpoint serine/threonine kinase,BUB1,2q13,"['BUB1A', 'BUB1L', 'hBUB1']","['BUB1 budding uninhibited by benzimidazoles 1 homolog', 'budding uninhibited by benzimidazoles 1 homolog', 'mitotic checkpoint serine/threonine-protein kinase BUB1', 'mitotic spindle checkpoint kinase', 'putative serine/threonine-protein kinase']",2,111395275.0,111435691.0,-1.0,"This gene encodes a serine/threonine-protein kinase that play a central role in mitosis. The encoded protein functions in part by phosphorylating members of the mitotic checkpoint complex and activating the spindle checkpoint. This protein also plays a role in inhibiting the activation of the anaphase promoting complex/cyclosome. This protein may also function in the DNA damage response. Mutations in this gene have been associated with aneuploidy and several forms of cancer. Alternate splicing results in multiple transcript variants. [provided by RefSeq, Jul 2013].",3.0,18.0,3.0
66,KIF11,G2M,ENSG00000138160,ENSMUSG00000012443,3832,126.0,62107.0,kinesin family member 11,KIF11,10q23.33,"['EG5', 'HKSP', 'KNSL1', 'MCLMR', 'TRIP5']","['TR-interacting protein 5', 'TRIP-5', 'kinesin-like protein 1', 'kinesin-like protein KIF11', 'kinesin-like spindle protein HKSP', 'kinesin-related motor protein Eg5', 'thyroid receptor-interacting protein 5']",10,94353043.0,94415150.0,1.0,"This gene encodes a motor protein that belongs to the kinesin-like protein family. Members of this protein family are known to be involved in various kinds of spindle dynamics. The function of this gene product includes chromosome positioning, centrosome separation and establishing a bipolar spindle during cell mitosis. [provided by RefSeq, Jul 2008].",,11.0,
67,ANP32E,G2M,ENSG00000143401,ENSMUSG00000015749,81611,10.0,,acidic nuclear phosphoprotein 32 family member E,ANP32E,1q21.2,"['LANP-L', 'LANPL']","['LANP-like protein', 'acidic (leucine-rich) nuclear phosphoprotein 32 family, member E', 'acidic leucine-rich nuclear phosphoprotein 32 family member E', 'leucine-rich acidic nuclear protein like']",,,,,,,,
68,TUBB4B,G2M,ENSG00000188229,ENSMUSG00000036752,10383,11.0,2494.0,tubulin beta 4B class IVb,TUBB4B,9q34.3,"['Beta2', 'LCAEOD', 'TUBB2', 'TUBB2C']","['class IVb beta tubulin', 'epididymis secretory sperm binding protein', 'tubulin beta-2 chain', 'tubulin beta-2C chain', 'tubulin beta-4B chain', 'tubulin, beta 2C', 'tubulin, beta, 2']",9,140135665.0,140138159.0,1.0,,10.0,106.0,2.0
69,GTSE1,G2M,ENSG00000075218,ENSMUSG00000022385,51512,19.0,34069.0,G2 and S-phase expressed 1,GTSE1,22q13.31,B99,"['G-2 and S-phase expressed 1', 'G2 and S phase-expressed protein 1', 'Lnc_bc060912', 'protein B99 homolog']",22,46692638.0,46726707.0,1.0,"The protein encoded by this gene is only expressed in the S and G2 phases of the cell cycle, where it colocalizes with cytoplasmic tubulin and microtubules. In response to DNA damage, the encoded protein accumulates in the nucleus and binds the tumor suppressor protein p53, shuttling it out of the nucleus and repressing its ability to induce apoptosis. [provided by RefSeq, Jul 2008].",2.0,7.0,
70,KIF20B,G2M,ENSG00000138182,ENSMUSG00000024795,9585,6.0,73333.0,kinesin family member 20B,KIF20B,10q23.31,"['CT90', 'KRMP1', 'MPHOSPH1', 'MPP-1', 'MPP1']","['M-phase phosphoprotein 1', 'cancer/testis antigen 90', 'kinesin-like protein KIF20B', 'kinesin-related motor interacting with PIN1', 'mitotic kinesin-like protein', 'mitotic kinesin-related protein']",10,91461367.0,91534700.0,1.0,,,8.0,2.0
71,HJURP,G2M,ENSG00000123485,ENSMUSG00000044783,55355,32.0,21150.0,Holliday junction recognition protein,HJURP,2q37.1,"['FAKTS', 'URLC9', 'hFLEG1']","['14-3-3-associated AKT substrate', 'Holliday junction recognition protein', 'fetal liver expressing gene 1', 'fetal liver-expressing gene 1 protein', 'up-regulated in lung cancer 9']",2,234742062.0,234763212.0,-1.0,,,4.0,
72,CDCA3,G2M,ENSG00000111665,ENSMUSG00000023505,83461,15.0,,cell division cycle associated 3,CDCA3,12p13.31,"['GRCC8', 'TOME-1', 'TOME1']","['cell division cycle-associated protein 3', 'gene-rich cluster protein C8', 'trigger of mitotic entry protein 1']",,,,,,,,
73,HN1,G2M,ENSG00000189159,ENSMUSG00000020737,51155,10.0,33033.0,Jupiter microtubule associated homolog 1,JPT1,17q25.1,"['ARM2', 'HN1', 'HN1A']","['androgen-regulated protein 2', 'hematological and neurological expressed 1 protein', 'jupiter microtubule associated homolog 1']",17,73131343.0,73164376.0,-1.0,,,,
74,CDC20,G2M,ENSG00000117399,ENSMUSG00000006398,991,118.0,4248.0,cell division cycle 20,CDC20,1p34.2,"['CDC20A', 'bA276H19.3', 'p55CDC']","['CDC20 cell division cycle 20 homolog', 'cell division cycle 20 homolog', 'cell division cycle protein 20 homolog', 'fizzy homolog']",1,43824626.0,43828874.0,1.0,"CDC20 appears to act as a regulatory protein interacting with several other proteins at multiple points in the cell cycle. It is required for two microtubule-dependent processes, nuclear movement prior to anaphase and chromosome separation. [provided by RefSeq, Jul 2008].",5.0,42.0,2.0
75,TTK,G2M,ENSG00000112742,ENSMUSG00000038379,7272,114.0,38640.0,TTK protein kinase,TTK,6q14.1,"['CT96', 'ESK', 'MPH1', 'MPS1', 'MPS1L1', 'PYT']","['cancer/testis antigen 96', 'dual specificity protein kinase TTK', 'monopolar spindle 1 kinase', 'monopolar spindle 1-like 1', 'phosphotyrosine picked threonine kinase', 'phosphotyrosine picked threonine-protein kinase']",6,80713604.0,80752244.0,1.0,"This gene encodes a dual specificity protein kinase with the ability to phosphorylate tyrosine, serine and threonine. Associated with cell proliferation, this protein is essential for chromosome alignment at the centromere during mitosis and is required for centrosome duplication. It has been found to be a critical mitotic checkpoint protein for accurate segregation of chromosomes during mitosis. Tumorigenesis may occur when this protein fails to degrade and produces excess centrosomes resulting in aberrant mitotic spindles. Alternative splicing results in multiple transcript variants. [provided by RefSeq, Nov 2009].",2.0,,2.0
76,CDC25C,G2M,ENSG00000158402,ENSMUSG00000044201,995,90.0,53090.0,cell division cycle 25C,CDC25C,5q31.2,"['CDC25', 'PPP1R60']","['CDC25 homolog C', 'M-phase inducer phosphatase 3', 'dual specificity phosphatase CDC25C', 'mitosis inducer CDC25', 'phosphotyrosine phosphatase', 'protein phosphatase 1, regulatory subunit 60']",5,137620954.0,137674044.0,-1.0,"This gene encodes a conserved protein that plays a key role in the regulation of cell division. The encoded protein directs dephosphorylation of cyclin B-bound CDC2 and triggers entry into mitosis. It also suppresses p53-induced growth arrest. Multiple alternatively spliced transcript variants of this gene have been described. [provided by RefSeq, Dec 2015].",5.0,27.0,5.0
77,KIF2C,G2M,ENSG00000142945,ENSMUSG00000028678,11004,63.0,27949.0,kinesin family member 2C,KIF2C,1p34.1,"['CT139', 'KNSL6', 'MCAK']","['kinesin-like protein 6', 'kinesin-like protein KIF2C', 'mitotic centromere-associated kinesin', 'testis tissue sperm-binding protein Li 68n']",1,45205490.0,45233439.0,1.0,"This gene encodes a kinesin-like protein that functions as a microtubule-dependent molecular motor. The encoded protein can depolymerize microtubules at the plus end, thereby promoting mitotic chromosome segregation. Alternative splicing results in multiple transcript variants. [provided by RefSeq, Jul 2014].",,29.0,2.0
78,RANGAP1,G2M,ENSG00000100401,ENSMUSG00000022391,5905,13.0,40640.0,Ran GTPase activating protein 1,RANGAP1,22q13.2,"['Fug1', 'RANGAP', 'SD']","['ran GTPase-activating protein 1', 'segregation distorter homolog']",22,41641615.0,41682255.0,-1.0,"This gene encodes a protein that associates with the nuclear pore complex and participates in the regulation of nuclear transport. The encoded protein interacts with Ras-related nuclear protein 1 (RAN) and regulates guanosine triphosphate (GTP)-binding and exchange. Alternative splicing results in multiple transcript variants. [provided by RefSeq, Jul 2013].",2.0,33.0,2.0
79,NCAPD2,G2M,ENSG00000010292,ENSMUSG00000038252,9918,10.0,38599.0,non-SMC condensin I complex subunit D2,NCAPD2,12p13.31,"['CAP-D2', 'CNAP1', 'MCPH21', 'hCAP-D2']","['XCAP-D2 homolog', 'chromosome condensation-related SMC-associated protein 1', 'chromosome-associated protein D2', 'condensin complex subunit 1']",12,6602522.0,6641121.0,1.0,,,10.0,
80,DLGAP5,G2M,ENSG00000126787,ENSMUSG00000037544,9787,27.0,43566.0,DLG associated protein 5,DLGAP5,14q22.3,"['DLG7', 'HURP']","['DAP-5', 'discs large homolog associated protein 5', 'discs, large homolog 7', 'disks large-associated protein 5', 'disks large-associated protein DLG7', 'hepatoma up-regulated protein']",14,55614830.0,55658396.0,-1.0,,,4.0,
81,CDCA2,G2M,ENSG00000184661,ENSMUSG00000048922,157313,18.0,48923.0,cell division cycle associated 2,CDCA2,8p21.2,"['PPP1R81', 'Repo-Man']","['cell division cycle-associated protein 2', 'protein phosphatase 1, regulatory subunit 81', 'recruits PP1 onto mitotic chromatin at anaphase protein']",8,25316513.0,25365436.0,1.0,"This gene encodes a targeting subunit of the cell-cycle associated protein, protein phosphatase 1, with a role in targeting this protein to chromatin during anaphase. These two proteins comprise a phosphatase complex that is involved in nuclear envelope reformation and regulation of the DNA damage response. The encoded protein may also play a role in cancer progression. Alternative splicing results in multiple transcript variants. [provided by RefSeq, Dec 2015].",,,
82,CDCA8,G2M,ENSG00000134690,ENSMUSG00000028873,55143,27.0,17301.0,cell division cycle associated 8,CDCA8,1p34.3,"['BOR', 'BOREALIN', 'DasraB', 'MESRGP']","['Dasra B', 'borealin', 'cell division cycle-associated protein 8', 'dasra-B', 'hDasra-B', 'pluripotent embryonic stem cell-related gene 3 protein']",1,38158090.0,38175391.0,1.0,"This gene encodes a component of the chromosomal passenger complex. This complex is an essential regulator of mitosis and cell division. This protein is cell-cycle regulated and is required for chromatin-induced microtubule stabilization and spindle formation. Alternate splicing results in multiple transcript variants. Pseudgenes of this gene are found on chromosomes 7, 8 and 16. [provided by RefSeq, Apr 2013].",,23.0,
83,ECT2,G2M,ENSG00000114346,ENSMUSG00000027699,1894,76.0,70792.0,epithelial cell transforming 2,ECT2,3q26.31,ARHGEF31,"['epithelial cell-transforming sequence 2 oncogene', 'protein ECT2']",3,172468472.0,172539264.0,1.0,"The protein encoded by this gene is a guanine nucleotide exchange factor and transforming protein that is related to Rho-specific exchange factors and yeast cell cycle regulators. The expression of this gene is elevated with the onset of DNA synthesis and remains elevated during G2 and M phases. In situ hybridization analysis showed that expression is at a high level in cells undergoing mitosis in regenerating liver. Thus, this protein is expressed in a cell cycle-dependent manner during liver regeneration, and is thought to have an important role in the regulation of cytokinesis. Several transcript variants encoding different isoforms have been found for this gene. [provided by RefSeq, Mar 2017].",,15.0,2.0
84,KIF23,G2M,ENSG00000137807,ENSMUSG00000032254,9493,30.0,34179.0,kinesin family member 23,KIF23,15q23,"['CHO1', 'KNSL5', 'MKLP-1', 'MKLP1']","['kinesin-like 5 (mitotic kinesin-like protein 1)', 'kinesin-like protein KIF23']",15,69706585.0,69740764.0,1.0,"The protein encoded by this gene is a member of kinesin-like protein family. This family includes microtubule-dependent molecular motors that transport organelles within cells and move chromosomes during cell division. This protein has been shown to cross-bridge antiparallel microtubules and drive microtubule movement in vitro. Alternate splicing of this gene results in multiple transcript variants. [provided by RefSeq, Jul 2013].",2.0,15.0,
85,HMMR,G2M,ENSG00000072571,ENSMUSG00000020330,3161,71.0,31738.0,hyaluronan mediated motility receptor,HMMR,5q34,"['CD168', 'IHABP', 'RHAMM']","['hyaluronan mediated motility receptor', 'intracellular hyaluronic acid-binding protein', 'receptor for hyaluronan-mediated motility']",5,162887209.0,162918947.0,1.0,"The protein encoded by this gene is involved in cell motility. It is expressed in breast tissue and together with other proteins, it forms a complex with BRCA1 and BRCA2, thus is potentially associated with higher risk of breast cancer. Alternatively spliced transcript variants encoding different isoforms have been noted for this gene. [provided by RefSeq, Dec 2008].",2.0,10.0,
86,AURKA,G2M,ENSG00000087586,ENSMUSG00000027496,6790,637.0,22948.0,aurora kinase A,AURKA,20q13.2,"['AIK', 'ARK1', 'AURA', 'BTAK', 'PPP1R47', 'STK15', 'STK6', 'STK7']","['aurora 2', 'aurora kinase A', 'aurora/IPL1-like kinase', 'aurora/IPL1-related kinase 1', 'breast tumor-amplified kinase', 'protein phosphatase 1, regulatory subunit 47', 'serine/threonine protein kinase 15', 'serine/threonine-protein kinase 6', 'serine/threonine-protein kinase aurora-A']",20,54944445.0,54967393.0,-1.0,"The protein encoded by this gene is a cell cycle-regulated kinase that appears to be involved in microtubule formation and/or stabilization at the spindle pole during chromosome segregation. The encoded protein is found at the centrosome in interphase cells and at the spindle poles in mitosis. This gene may play a role in tumor development and progression. A processed pseudogene of this gene has been found on chromosome 1, and an unprocessed pseudogene has been found on chromosome 10. Multiple transcript variants encoding the same protein have been found for this gene. [provided by RefSeq, Jul 2008].",2.0,24.0,3.0
87,PSRC1,G2M,ENSG00000134222,ENSMUSG00000068744,84722,43.0,3630.0,proline and serine rich coiled-coil 1,PSRC1,1p13.3,"['DDA3', 'FP3214']","['differential display and activated by p53', 'p53-regulated DDA3', 'proline/serine-rich coiled-coil 1', 'proline/serine-rich coiled-coil protein 1']",1,109822178.0,109825808.0,-1.0,"This gene encodes a proline-rich protein that is a target for regulation by the tumor suppressor protein p53. The encoded protein plays an important role in mitosis by recruiting and regulating microtubule depolymerases that destabalize microtubules. Alternatively spliced transcript variants encoding different isoforms have been described. [provided by RefSeq, Apr 2014].",,,2.0
88,ANLN,G2M,ENSG00000011426,ENSMUSG00000036777,54443,36.0,63985.0,anillin actin binding protein,ANLN,7p14.2,"['FSGS8', 'Scraps', 'scra']",anillin,7,36429415.0,36493400.0,1.0,"This gene encodes an actin-binding protein that plays a role in cell growth and migration, and in cytokinesis. The encoded protein is thought to regulate actin cytoskeletal dynamics in podocytes, components of the glomerulus. Mutations in this gene are associated with focal segmental glomerulosclerosis 8. Alternative splicing results in multiple transcript variants encoding different isoforms. [provided by RefSeq, Oct 2014].",,7.0,2.0
89,LBR,G2M,ENSG00000143815,ENSMUSG00000004880,3930,34.0,27423.0,lamin B receptor,LBR,1q42.12,"['C14SR', 'DHCR14B', 'LMN2R', 'PHA', 'PHASK', 'TDRD18']","['3-beta-hydroxysterol Delta (14)-reductase', 'C-14 sterol reductase', 'delta(14)-sterol reductase LBR', 'delta-14-SR', 'integral nuclear envelope inner membrane protein', 'sterol C14-reductase', 'tudor domain containing 18']",1,225589204.0,225616627.0,-1.0,"The protein encoded by this gene belongs to the ERG4/ERG24 family. It localized in the nuclear envelope inner membrane and anchors the lamina and the heterochromatin to the membrane. It may mediate interaction between chromatin and lamin B. Mutations of this gene has been associated with autosomal recessive HEM/Greenberg skeletal dysplasia. Alternative splicing occurs at this locus and two transcript variants encoding the same protein have been identified. [provided by RefSeq, Jul 2008].",2.0,28.0,5.0
90,CKAP5,G2M,ENSG00000175216,ENSMUSG00000040549,9793,19.0,103249.0,cytoskeleton associated protein 5,CKAP5,11p11.2,"['CHTOG', 'MSPS', 'TOG', 'TOGp', 'ch-TOG']","['colonic and hepatic tumor over-expressed gene protein', 'colonic and hepatic tumor overexpressed gene protein', 'cytoskeleton-associated protein 5']",11,46764598.0,46867847.0,-1.0,"This gene encodes a cytoskeleton-associated protein which belongs to the TOG/XMAP215 family. The N-terminal half of this protein contains a microtubule-binding domain and the C-terminal half contains a KXGS motif for binding tubulin dimers. This protein has two distinct roles in spindle formation; it protects kinetochore microtubules from depolymerization and plays an essential role in centrosomal microtubule assembly. This protein may be necessary for the proper interaction of microtubules with the cell cortex for directional cell movement. It also plays a role in translation of the myelin basic protein (MBP) mRNA by interacting with heterogeneous nuclear ribonucleoprotein (hnRNP) A2, which associates with MBP. Alternatively spliced transcript variants encoding different isoforms have been identified. [provided by RefSeq, Aug 2011].",,30.0,
91,CENPE,G2M,ENSG00000138778,ENSMUSG00000045328,1062,50.0,92603.0,centromere protein E,CENPE,4q24,"['CENP-E', 'KIF10', 'MCPH13', 'PPP1R61']","['Centromere autoantigen E (312kD)', 'centromere protein E, 312kDa', 'centromere-associated protein E', 'kinesin family member 10', 'kinesin-7', 'kinesin-related protein CENPE', 'protein phosphatase 1, regulatory subunit 61']",4,104026963.0,104119566.0,-1.0,"Centrosome-associated protein E (CENPE) is a kinesin-like motor protein that accumulates in the G2 phase of the cell cycle. Unlike other centrosome-associated proteins, it is not present during interphase and first appears at the centromere region of chromosomes during prometaphase. This protein is required for stable spindle microtubule capture at kinetochores which is a necessary step in chromosome alignment during prometaphase. This protein also couples chromosome position to microtubule depolymerizing activity. Alternative splicing results in multiple transcript variants encoding distinct protein isoforms. [provided by RefSeq, Nov 2014].",,29.0,2.0
92,CTCF,G2M,ENSG00000102974,ENSMUSG00000005698,10664,264.0,76776.0,CCCTC-binding factor,CTCF,16q22.1,"['CFAP108', 'FAP108', 'MRD21']","['11 zinc finger transcriptional repressor', '11-zinc finger protein', 'CCCTC-binding factor (zinc finger protein)', 'CTCFL paralog', 'transcriptional repressor CTCF']",16,67596310.0,67673086.0,1.0,"This gene is a member of the BORIS + CTCF gene family and encodes a transcriptional regulator protein with 11 highly conserved zinc finger (ZF) domains. This nuclear protein is able to use different combinations of the ZF domains to bind different DNA target sequences and proteins. Depending upon the context of the site, the protein can bind a histone acetyltransferase (HAT)-containing complex and function as a transcriptional activator or bind a histone deacetylase (HDAC)-containing complex and function as a transcriptional repressor. If the protein is bound to a transcriptional insulator element, it can block communication between enhancers and upstream promoters, thereby regulating imprinted expression. Mutations in this gene have been associated with invasive breast cancers, prostate cancers, and Wilms' tumors. Alternatively spliced transcript variants encoding different isoforms have been found for this gene. [provided by RefSeq, Jul 2010].",,3.0,4.0
93,NEK2,G2M,ENSG00000117650,ENSMUSG00000026622,4751,112.0,12846.0,NIMA related kinase 2,NEK2,1q32.3,"['HsPK21', 'NEK2A', 'NLK1', 'PPP1R111', 'RP67']","['NIMA (never in mitosis gene a)-related kinase 2', 'nimA-like protein kinase 1', 'nimA-related protein kinase 2', 'protein phosphatase 1, regulatory subunit 111', 'serine/threonine-protein kinase Nek2']",1,211836114.0,211848960.0,-1.0,"This gene encodes a serine/threonine-protein kinase that is involved in mitotic regulation. This protein is localized to the centrosome, and undetectable during G1 phase, but accumulates progressively throughout the S phase, reaching maximal levels in late G2 phase. Alternatively spliced transcript variants encoding different isoforms with distinct C-termini have been noted for this gene. [provided by RefSeq, Feb 2011].",,22.0,2.0
94,G2E3,G2M,ENSG00000092140,ENSMUSG00000035293,55632,2.0,60940.0,G2/M-phase specific E3 ubiquitin protein ligase,G2E3,14q12,"['KIAA1333', 'PHF7B']","['G2/M phase-specific E3 ubiquitin-protein ligase', 'G2/M phase-specific HECT-type E3 ubiquitin transferase', 'G2/M-phase specific E3 ubiquitin ligase', 'PHD finger protein 7B']",14,31028329.0,31089269.0,1.0,,,,
95,GAS2L3,G2M,ENSG00000139354,ENSMUSG00000074802,283431,4.0,54603.0,growth arrest specific 2 like 3,GAS2L3,12q23.1,G2L3,"['GAS2-like protein 3', 'growth arrest-specific protein 2-like 3']",12,100967461.0,101022064.0,1.0,,,,
96,CBX5,G2M,ENSG00000094916,ENSMUSG00000009575,23468,94.0,49162.0,chromobox 5,CBX5,12q13.13,"['HEL25', 'HP1', 'HP1A']","['HP1 alpha homolog', 'HP1-ALPHA', 'HP1Hs alpha', 'antigen p25', 'chromobox homolog 5 (HP1 alpha homolog, Drosophila)', 'chromobox protein homolog 5', 'epididymis luminal protein 25', 'heterochromatin protein 1 homolog alpha', 'heterochromatin protein 1-alpha']",12,54624724.0,54673886.0,-1.0,"This gene encodes a highly conserved nonhistone protein, which is a member of the heterochromatin protein family. The protein is enriched in the heterochromatin and associated with centromeres. The protein has a single N-terminal chromodomain which can bind to histone proteins via methylated lysine residues, and a C-terminal chromo shadow-domain (CSD) which is responsible for the homodimerization and interaction with a number of chromatin-associated nonhistone proteins. The encoded product is involved in the formation of functional kinetochore through interaction with essential kinetochore proteins. The gene has a pseudogene located on chromosome 3. Multiple alternatively spliced variants, encoding the same protein, have been identified. [provided by RefSeq, Jul 2008].",,11.0,2.0
97,CENPA,G2M,ENSG00000115163,ENSMUSG00000029177,1058,111.0,36778.0,centromere protein A,CENPA,2p23.3,"['CENP-A', 'CenH3']","['centromere autoantigen A', 'centromere protein A, 17kDa', 'centromere-specific histone', 'histone H3-like centromeric protein A']",2,26987157.0,27023935.0,1.0,"Centromeres are the differentiated chromosomal domains that specify the mitotic behavior of chromosomes. This gene encodes a centromere protein which contains a histone H3 related histone fold domain that is required for targeting to the centromere. Centromere protein A is proposed to be a component of a modified nucleosome or nucleosome-like structure in which it replaces 1 or both copies of conventional histone H3 in the (H3-H4)2 tetrameric core of the nucleosome particle. The protein is a replication-independent histone that is a member of the histone H3 family. Alternative splicing results in multiple transcript variants encoding distinct isoforms. [provided by RefSeq, Nov 2015].",,21.0,
